Req_ID,Subsystem,Requirement,Priority,Target_or_Limit,Verification_Method,Design_Artifact,Test_Artifact,Status,Owner,Notes
PRC-0001,Program,"Execute one bounded chunk with recorded scope, acceptance, verification and state before the next chunk.",MUST,Every chunk,Inspection,docs/chunks/,reports/chunk/,PROCESS_ACTIVE,Systems engineering,"source=MASTER_SPEC.md §0,38–52,55,59–61; issue=none"
PRC-0002,Program,"Commit all meaningful sources, models, testbenches and essential reproducibility evidence to Git.",MUST,Every completed chunk,Inspection,docs/chunks/,reports/chunk/,PROCESS_ACTIVE,Systems engineering,"source=MASTER_SPEC.md §0,38–52,55,59–61; issue=none"
PRC-0003,Program,Identify and record unvalidated numerical targets and assumptions rather than inventing PDK/IP values.,MUST,Every requirement review,Inspection,docs/chunks/,reports/chunk/,PROCESS_ACTIVE,Systems engineering,"source=MASTER_SPEC.md §0,38–52,55,59–61; issue=none"
PRC-0004,Program,Complete and commit a recent source-grounded literature survey before choosing any block architecture or implementation.,MUST,Before design of each new/materially changed block,Inspection,docs/chunks/,reports/chunk/,PROCESS_ACTIVE,Systems engineering,"source=MASTER_SPEC.md §0,38–52,55,59–61; issue=none"
PRC-0005,Program,Extract normalized measured literature benchmarks separately from simulations and vendor typical values.,MUST,Each literature survey,Inspection,docs/chunks/,reports/chunk/,PROCESS_ACTIVE,Systems engineering,"source=MASTER_SPEC.md §0,38–52,55,59–61; issue=none"
PRC-0006,Program,Link each literature finding to an implication and design decision with relevant requirement IDs.,MUST,Each literature survey,Inspection,docs/chunks/,reports/chunk/,PROCESS_ACTIVE,Systems engineering,"source=MASTER_SPEC.md §0,38–52,55,59–61; issue=none"
PRC-0007,Program,Document a quantitative before/after area and power comparison and prove hard constraints remain satisfied for substantial optimizations.,MUST,Each substantial change,Analysis+inspection,docs/chunks/,reports/chunk/,PROCESS_ACTIVE,Systems engineering,"source=MASTER_SPEC.md §0,38–52,55,59–61; issue=none"
PRC-0008,Program,"Record nontrivial architecture choices with alternatives, evidence, risk and revisit trigger in an ADR.",MUST,Each decision,Inspection,docs/chunks/,reports/chunk/,PROCESS_ACTIVE,Systems engineering,"source=MASTER_SPEC.md §0,38–52,55,59–61; issue=none"
PRC-0009,Program,Maintain stable requirement IDs and bidirectional paths to design and verification evidence.,MUST,Every frozen requirement,Inspection,docs/chunks/,reports/chunk/,PROCESS_ACTIVE,Systems engineering,"source=MASTER_SPEC.md §0,38–52,55,59–61; issue=none"
PRC-0010,Program,Do not claim that an unverified target or generated layout is tapeout-ready.,MUST,Every release,Inspection,docs/chunks/,reports/chunk/,PROCESS_ACTIVE,Systems engineering,"source=MASTER_SPEC.md §0,38–52,55,59–61; issue=none"
PRC-0011,Program,"Do not bypass a failed review gate without a documented, approved waiver.",MUST,Every failed gate,Inspection,docs/chunks/,reports/chunk/,PROCESS_ACTIVE,Systems engineering,"source=MASTER_SPEC.md §0,38–52,55,59–61; issue=none"
PRC-0012,Program,Re-survey a block when architecture/process/requirements materially change or the pre-tapeout review is older than twelve months.,MUST,Trigger event,Inspection,docs/chunks/,reports/chunk/,PROCESS_ACTIVE,Systems engineering,"source=MASTER_SPEC.md §0,38–52,55,59–61; issue=none"
PRC-0013,Program,"Reproduce results with inputs, scripts, tool versions, corners, random seeds and checksums as relevant.",MUST,Every evidence artifact,Inspection,docs/chunks/,reports/chunk/,PROCESS_ACTIVE,Systems engineering,"source=MASTER_SPEC.md §0,38–52,55,59–61; issue=none"
PRC-0014,Program,"Exclude licensed PDK/IP, foundry decks, secrets, personal physiological data and unlicensed paper PDFs from the public repository.",MUST,Every commit,Inspection,docs/chunks/,reports/chunk/,PROCESS_ACTIVE,Systems engineering,"source=MASTER_SPEC.md §0,38–52,55,59–61; issue=none"
PRC-0015,Program,"Maintain current branch, chunk, blocked work, validation result and exact next action in project state.",MUST,Every chunk,State audit,docs/chunks/,reports/chunk/,PROCESS_ACTIVE,Systems engineering,"source=MASTER_SPEC.md §0,38–52,55,59–61; issue=none"
PRC-0016,Program,"Create and maintain golden models for energy, biosignal/optical/thermal/electrochemical noise, data rate, memory and timestamps before implementing applicable blocks.",MUST,Applicable design chunks,Model regression,docs/chunks/,reports/chunk/,PROCESS_ACTIVE,Systems engineering,"source=MASTER_SPEC.md §0,38–52,55,59–61; issue=none"
PRC-0017,Program,"Run public CI checks for model regressions, requirements integrity, RTL lint and simulation as tool access allows.",SHOULD,Checks and exclusions documented,CI review,docs/chunks/,reports/chunk/,PROCESS_ACTIVE,Systems engineering,"source=MASTER_SPEC.md §0,38–52,55,59–61; issue=none"
PRC-0018,Program,"Record risk owner, impact, mitigation and next evidence for high-risk system items.",MUST,Every active high risk,Risk audit,docs/chunks/,reports/chunk/,PROCESS_ACTIVE,Systems engineering,"source=MASTER_SPEC.md §0,38–52,55,59–61; issue=none"
PRC-0019,Program,"For each major review record agenda, inputs, findings, actions, gate result and closure evidence.",MUST,Every formal review,Review log audit,docs/chunks/,reports/chunk/,PROCESS_ACTIVE,Systems engineering,"source=MASTER_SPEC.md §0,38–52,55,59–61; issue=none"
PRC-0020,Program,Keep selected assumptions and foundry/IP values marked TBD until confirmed by vendor/PDK evidence.,MUST,Every open assumption,Review,docs/chunks/,reports/chunk/,PROCESS_ACTIVE,Systems engineering,"source=MASTER_SPEC.md §0,38–52,55,59–61; issue=none"
PRC-0021,Program,"Classify each numeric assertion as target, limit, placeholder or TBD until verified with units and operating conditions.",MUST,Every numeric candidate,Inspection,docs/chunks/,reports/chunk/,PROCESS_ACTIVE,Systems engineering,"source=MASTER_SPEC.md §0,38–52,55,59–61; issue=none"
PRC-0022,Program,"Cover analog corners, startup, overload, shutdown, mismatch and post-layout effects as applicable before design signoff.",MUST,Each signed-off analog block,Simulation+review,docs/chunks/,reports/chunk/,PROCESS_ACTIVE,Systems engineering,"source=MASTER_SPEC.md §0,38–52,55,59–61; issue=none"
PRC-0023,Program,"Cover digital lint, simulation, reset/CDC and appropriate assertions/coverage before design signoff.",MUST,Each signed-off digital block,Simulation+review,docs/chunks/,reports/chunk/,PROCESS_ACTIVE,Systems engineering,"source=MASTER_SPEC.md §0,38–52,55,59–61; issue=none"
PRC-0024,Program,"Complete SRR, SAR, PDR, CDR, prelayout, postlayout and tapeout reviews with findings and closure logs at their relevant gates.",MUST,Seven named reviews,Inspection,docs/chunks/,reports/chunk/,PROCESS_ACTIVE,Systems engineering,"source=MASTER_SPEC.md §0,38–52,55,59–61; issue=none"
PRC-0025,Program,Do not proceed to tapeout without independent foundry/IP and DRC/LVS/ERC/PEX/STA/EM-IR/reliability closure.,MUST,Tapeout candidate,Independent signoff,docs/chunks/,reports/chunk/,PROCESS_ACTIVE,Systems engineering,"source=MASTER_SPEC.md §0,38–52,55,59–61; issue=none"
SYS-0001,System,Bound all operating modes by body-connected safety and valid measurement rather than reducing those constraints to save area or power.,MUST,Every implemented mode,Review+test,specs/system/,verification/system/,NEEDS_DEFINITION,System architecture,"source=MASTER_SPEC.md §1–6,36,37,56–58; issue=OI-005"
SYS-0002,System,"Select a die/package partition by quantitative evaluation of noise, energy, yield, RF, MEMS, NRE and process fit.",SHOULD,Partition TBD,Trade study,specs/system/,verification/system/,CANDIDATE,System architecture,"source=MASTER_SPEC.md §1–6,36,37,56–58; issue=OI-006"
SYS-0003,System,Evaluate a heterogeneous SiP as one externally usable physiological module.,SHOULD,Partition TBD,Trade study,specs/system/,verification/system/,CANDIDATE,System architecture,"source=MASTER_SPEC.md §1–6,36,37,56–58; issue=OI-002"
SYS-0004,System,Keep nRF-class MCU/radio external to custom Gen-1 silicon unless a reviewed trade study supports integration.,SHOULD,Gen-1 concept,Trade study,specs/system/,verification/system/,CANDIDATE,System architecture,"source=MASTER_SPEC.md §1–6,36,37,56–58; issue=OI-002"
SYS-0005,System,Retain a specialized MEMS IMU rather than fabricating its mechanics on the custom analog die.,SHOULD,MEMS specialized,Trade study,specs/system/,verification/system/,CANDIDATE,System architecture,"source=MASTER_SPEC.md §1–6,36,37,56–58; issue=OI-002"
SYS-0006,System,"Support synchronized biopotential, electrodermal, electrochemical, optical, inertial, acoustic and thermal research interfaces where feasible.",SHOULD,Modality set TBD,Mode matrix,specs/system/,verification/system/,NEEDS_DEFINITION,System architecture,"source=MASTER_SPEC.md §1–6,36,37,56–58; issue=OI-001"
SYS-0007,System,Distinguish electrical capability from validated biomarker accuracy in all sensor claims.,MUST,Every biomarker,Validation review,specs/system/,verification/system/,PROCESS_ACTIVE,System architecture,"source=MASTER_SPEC.md §1–6,36,37,56–58; issue=OI-005"
SYS-0008,System,Provide research/raw data access and calibration metadata for proposed multimodal inference.,MUST,Mode TBD,Interface review+test,specs/system/,verification/system/,NEEDS_DEFINITION,System architecture,"source=MASTER_SPEC.md §1–6,36,37,56–58; issue=OI-001"
SYS-0009,System,"Enable sleep, cardiovascular, daily health, biochemical, optical, audio and raw research modes according to product priority.",SHOULD,Mode precedence TBD,Mode matrix,specs/system/,verification/system/,NEEDS_DEFINITION,System architecture,"source=MASTER_SPEC.md §1–6,36,37,56–58; issue=OI-001"
SYS-0010,System,"Quantify and verify every supported simultaneous sensor combination against power, peak current, ADC, pin and data constraints.",MUST,Each approved mode,Model+test,specs/system/,verification/system/,NEEDS_DEFINITION,System architecture,"source=MASTER_SPEC.md §1–6,36,37,56–58; issue=OI-003"
SYS-0011,System,Preserve a ten-percent usable custom-die core area reserve at architecture freeze.,SHOULD,TARGET ≥10%; denominator TBD,Floorplan audit,specs/system/,verification/system/,NEEDS_DEFINITION,System architecture,"source=MASTER_SPEC.md §1–6,36,37,56–58; issue=OI-007"
SYS-0012,System,Prevent unreviewed consumption of the approved future area reserve.,MUST,Once reserve approved,Change-control audit,specs/system/,verification/system/,CANDIDATE,System architecture,"source=MASTER_SPEC.md §1–6,36,37,56–58; issue=OI-007"
SYS-0013,System,"Reserve spare package routing, power/ground contacts, signals and thermal headroom when feasible.",SHOULD,Counts TBD,Package review,specs/system/,verification/system/,NEEDS_DEFINITION,System architecture,"source=MASTER_SPEC.md §1–6,36,37,56–58; issue=OI-007"
SYS-0014,System,"Reserve configurable analog inputs, electrode-capable inputs and excitation DAC outputs when feasible.",SHOULD,TARGET 2–4 analog inputs; 2 electrode inputs; 2 DAC outputs,Pin/area audit,specs/system/,verification/system/,NEEDS_DEFINITION,System architecture,"source=MASTER_SPEC.md §1–6,36,37,56–58; issue=OI-007"
SYS-0015,System,Retain synthesized digital area reserve at subsystem signoff.,SHOULD,TARGET ≥10%,Synthesis report,specs/system/,verification/system/,NEEDS_DEFINITION,System architecture,"source=MASTER_SPEC.md §1–6,36,37,56–58; issue=OI-007"
SYS-0016,System,Retain worst-concurrency average memory bandwidth reserve.,SHOULD,TARGET ≥10%,Bandwidth model,specs/system/,verification/system/,NEEDS_DEFINITION,System architecture,"source=MASTER_SPEC.md §1–6,36,37,56–58; issue=OI-003"
SYS-0017,System,"Reserve interrupt IDs, register addresses and DMA extensibility.",SHOULD,Counts TBD,Register audit,specs/system/,verification/system/,NEEDS_DEFINITION,System architecture,"source=MASTER_SPEC.md §1–6,36,37,56–58; issue=OI-007"
SYS-0018,System,"Minimize energy per sample, event and moved bit within validated signal and safety bounds.",SHOULD,Pareto comparison,Trade study,specs/system/,verification/system/,NEEDS_DEFINITION,System architecture,"source=MASTER_SPEC.md §1–6,36,37,56–58; issue=OI-003"
SYS-0019,System,"Minimize die/package footprint, height and external component count subject to yield, thermal and RF constraints.",SHOULD,TARGET package 6–8 mm × 6–8 mm; height ≤1.2 mm aspirational,Package trade study,specs/system/,verification/system/,NEEDS_DEFINITION,System architecture,"source=MASTER_SPEC.md §1–6,36,37,56–58; issue=OI-007"
SYS-0020,System,Treat medical/clinical claims such as cuffless BP as research only until validated against suitable reference methods.,MUST,No clinical claim by hardware alone,Study review,specs/system/,verification/system/,RESEARCH_ONLY,System architecture,"source=MASTER_SPEC.md §1–6,36,37,56–58; issue=OI-005"
BIO-0001,Biopotential,Provide truly simultaneous differential EEG/ECG acquisition with independently specified signal path quality.,SHOULD,TARGET 8 channels,Architecture and concurrency model,specs/biosignal/,verification/unit/bio/,NEEDS_DEFINITION,Analog biosignal,source=MASTER_SPEC.md §7; issue=OI-007
BIO-0002,Biopotential,Allow each selected channel to configure an EEG or ECG profile and electrode routing.,SHOULD,EEG/ECG; EMG future,Interface test,specs/biosignal/,verification/unit/bio/,CANDIDATE,Analog biosignal,source=MASTER_SPEC.md §7; issue=OI-004
BIO-0003,Biopotential,Maintain high effective electrode input impedance over the measurement band.,SHOULD,TARGET >1 GΩ; measurement frequency TBD,Circuit analysis+test,specs/biosignal/,verification/unit/bio/,NEEDS_DEFINITION,Analog biosignal,source=MASTER_SPEC.md §7; issue=OI-004
BIO-0004,Biopotential,Limit input bias and pad/mux leakage under dry-electrode source impedance.,SHOULD,Limit TBD,Leakage measurement,specs/biosignal/,verification/unit/bio/,NEEDS_DEFINITION,Analog biosignal,source=MASTER_SPEC.md §7; issue=OI-004
BIO-0005,Biopotential,Accept differential physiological inputs with specified artifacts and electrode common mode.,SHOULD,Signal/full scale TBD,Saturation test,specs/biosignal/,verification/unit/bio/,NEEDS_DEFINITION,Analog biosignal,source=MASTER_SPEC.md §7; issue=OI-004
BIO-0006,Biopotential,Tolerate electrode DC offset without losing specified signal quality.,SHOULD,TARGET ±300 mV or better,Corner simulation+test,specs/biosignal/,verification/unit/bio/,NEEDS_DEFINITION,Analog biosignal,source=MASTER_SPEC.md §7; issue=OI-004
BIO-0007,Biopotential,Reject common-mode interference under a specified source-imbalance and frequency test.,SHOULD,TARGET CMRR >100 dB; test conditions TBD,Simulation+bench test,specs/biosignal/,verification/unit/bio/,NEEDS_DEFINITION,Analog biosignal,source=MASTER_SPEC.md §7; issue=OI-004
BIO-0008,Biopotential,Meet integrated input-referred EEG noise over a stated band and with a stated source impedance.,SHOULD,TARGET ≤0.5–1 µVrms; bandwidth TBD,Integrated noise simulation+bench,specs/biosignal/,verification/unit/bio/,NEEDS_DEFINITION,Analog biosignal,source=MASTER_SPEC.md §7; issue=OI-004
BIO-0009,Biopotential,Support configurable end-to-end gain without excessive noise or saturation.,SHOULD,TARGET equivalent ×1–×128,Gain/linearity test,specs/biosignal/,verification/unit/bio/,NEEDS_DEFINITION,Analog biosignal,source=MASTER_SPEC.md §7; issue=OI-004
BIO-0010,Biopotential,Provide EEG passband and configurable high/low-pass behavior with anti-aliasing.,SHOULD,TARGET ≈0.1–250 Hz,Frequency/noise test,specs/biosignal/,verification/unit/bio/,NEEDS_DEFINITION,Analog biosignal,source=MASTER_SPEC.md §7; issue=OI-004
BIO-0011,Biopotential,Provide ECG passband and configurable high/low-pass behavior with anti-aliasing.,SHOULD,TARGET ≈0.05–500 Hz,Frequency/noise test,specs/biosignal/,verification/unit/bio/,NEEDS_DEFINITION,Analog biosignal,source=MASTER_SPEC.md §7; issue=OI-004
BIO-0012,Biopotential,Explore extended biopotential research bandwidth if power and noise permit.,MAY,TARGET ≈1 kHz,Analysis+test,specs/biosignal/,verification/unit/bio/,CANDIDATE,Analog biosignal,source=MASTER_SPEC.md §7; issue=OI-001
BIO-0013,Biopotential,Provide configurable per-channel output sampling options.,SHOULD,TARGET 250/500/1000/2000/4000 SPS,Timing test,specs/biosignal/,verification/unit/bio/,NEEDS_DEFINITION,Analog biosignal,source=MASTER_SPEC.md §7; issue=OI-003
BIO-0014,Biopotential,Provide higher-rate biopotential research sampling if power permits.,MAY,TARGET 8000 SPS,Timing+power test,specs/biosignal/,verification/unit/bio/,CANDIDATE,Analog biosignal,source=MASTER_SPEC.md §7; issue=OI-003
BIO-0015,Biopotential,"Specify converter performance by input noise, SNR, SNDR, ENOB and bandwidth instead of nominal word length.",SHOULD,TARGET 24-bit class label only,Converter characterization,specs/biosignal/,verification/unit/bio/,CANDIDATE,Analog biosignal,source=MASTER_SPEC.md §7; issue=OI-004
BIO-0016,Biopotential,Detect saturation and recover within a specified interval.,SHOULD,Recovery time TBD,Overload recovery test,specs/biosignal/,verification/unit/bio/,NEEDS_DEFINITION,Analog biosignal,source=MASTER_SPEC.md §7; issue=OI-004
BIO-0017,Biopotential,Detect electrode open/contact impedance and report measurement state.,SHOULD,Sensitivity/limits TBD,Electrode emulator test,specs/biosignal/,verification/unit/bio/,NEEDS_DEFINITION,Analog biosignal,source=MASTER_SPEC.md §7; issue=OI-004
BIO-0018,Biopotential,"Evaluate low-leakage electrode switching with ESD, capacitance and charge-injection error.",SHOULD,Crosspoint feasibility TBD,Switch/pad simulation,specs/biosignal/,verification/unit/bio/,NEEDS_DEFINITION,Analog biosignal,source=MASTER_SPEC.md §7; issue=OI-004
BIO-0019,Biopotential,Specify biopotential PSRR under analog rail and DC/DC spur conditions.,SHOULD,Frequency and limit TBD,Noise injection test,specs/biosignal/,verification/unit/bio/,NEEDS_DEFINITION,Analog biosignal,source=MASTER_SPEC.md §7; issue=OI-004
BIO-0020,Biopotential,"Specify differential input dynamic range, overload recovery and sample quality flag behavior.",SHOULD,Input and latency limits TBD,Electrode emulator test,specs/biosignal/,verification/unit/bio/,NEEDS_DEFINITION,Analog biosignal,source=MASTER_SPEC.md §7; issue=OI-004
BIO-0021,Biopotential,Limit body electrode currents in hardware in every reset and firmware state.,MUST,Safe current limit TBD by qualified review,Fault injection+independent safety review,specs/biosignal/,verification/unit/bio/,NEEDS_DEFINITION,Analog biosignal,source=MASTER_SPEC.md §7; issue=OI-005
EDA-0001,EDA/BioZ,Provide independently configurable electrodermal/bioimpedance channels.,SHOULD,TARGET 4 channels,Pin and ADC concurrency analysis,specs/eda_bioz/,verification/unit/eda_bioz/,NEEDS_DEFINITION,Analog impedance,source=MASTER_SPEC.md §8; issue=OI-007
EDA-0002,EDA/BioZ,Measure DC conductance/EDA and electrode/contact impedance.,SHOULD,Conductance range TBD,Electrode emulator test,specs/eda_bioz/,verification/unit/eda_bioz/,NEEDS_DEFINITION,Analog impedance,source=MASTER_SPEC.md §8; issue=OI-004
EDA-0003,EDA/BioZ,Support programmable AC bioimpedance excitation and synchronous receive.,SHOULD,Frequency/amplitude/phase programmable; limits TBD,Loopback+phantom test,specs/eda_bioz/,verification/unit/eda_bioz/,NEEDS_DEFINITION,Analog impedance,source=MASTER_SPEC.md §8; issue=OI-005
EDA-0004,EDA/BioZ,Evaluate excitation frequency coverage against tissue/electrode models and power.,SHOULD,TARGET 0.1 Hz–1 MHz; upper bound provisional,Frequency sweep model+test,specs/eda_bioz/,verification/unit/eda_bioz/,NEEDS_DEFINITION,Analog impedance,source=MASTER_SPEC.md §8; issue=OI-004
EDA-0005,EDA/BioZ,Support a programmable impedance voltage/TIA receive path with saturation reporting.,SHOULD,Input span TBD,Circuit simulation+bench,specs/eda_bioz/,verification/unit/eda_bioz/,NEEDS_DEFINITION,Analog impedance,source=MASTER_SPEC.md §8; issue=OI-004
EDA-0006,EDA/BioZ,Provide synchronous I/Q or equivalent magnitude/phase estimation where justified.,SHOULD,Error and resolution TBD,Reference impedance test,specs/eda_bioz/,verification/unit/eda_bioz/,NEEDS_DEFINITION,Analog impedance,source=MASTER_SPEC.md §8; issue=OI-004
EDA-0007,EDA/BioZ,Support capacitive on-body/contact sensing with controlled excitation and quality metadata.,SHOULD,Threshold/false alarms TBD,Body/contact emulator test,specs/eda_bioz/,verification/unit/eda_bioz/,NEEDS_DEFINITION,Analog impedance,source=MASTER_SPEC.md §8; issue=OI-004
EDA-0008,EDA/BioZ,Provide a calibration loopback to separate front-end error from sensor impedance.,SHOULD,Accuracy TBD,Loopback test,specs/eda_bioz/,verification/unit/eda_bioz/,CANDIDATE,Analog impedance,source=MASTER_SPEC.md §8; issue=OI-004
ECH-0001,Electrochemical,Provide configurable electrochemical channels for potentiometric and amperometric use.,SHOULD,TARGET 8 channels,Pin/area/mode analysis,specs/electrochem/,verification/unit/electrochem/,NEEDS_DEFINITION,Analog electrochemical,source=MASTER_SPEC.md §9; issue=OI-007
ECH-0002,Electrochemical,Provide full three-electrode potentiostat paths when supported by selected chemistry.,SHOULD,TARGET ≥4 full WE/RE/CE paths,Architecture+test,specs/electrochem/,verification/unit/electrochem/,NEEDS_DEFINITION,Analog electrochemical,source=MASTER_SPEC.md §9; issue=OI-001
ECH-0003,Electrochemical,Support high-impedance potentiometric measurement independently of drive mode.,SHOULD,TARGET all 8 channels if feasible,Input leakage and concurrency test,specs/electrochem/,verification/unit/electrochem/,NEEDS_DEFINITION,Analog electrochemical,source=MASTER_SPEC.md §9; issue=OI-004
ECH-0004,Electrochemical,Provide ISE voltage-buffer impedance at low frequency with defined test conditions.,SHOULD,TARGET ≥10^12 Ω; prefer ≥10^13 Ω,Pad+buffer leakage simulation/bench,specs/electrochem/,verification/unit/electrochem/,NEEDS_DEFINITION,Analog electrochemical,source=MASTER_SPEC.md §9; issue=OI-004
ECH-0005,Electrochemical,Limit potentiometric input bias below electrode error budget.,SHOULD,TARGET pA-class or lower if feasible,Temperature leakage characterization,specs/electrochem/,verification/unit/electrochem/,NEEDS_DEFINITION,Analog electrochemical,source=MASTER_SPEC.md §9; issue=OI-004
ECH-0006,Electrochemical,Allow differential potential relative to reference electrode and its allowed common mode.,SHOULD,Voltage span TBD,Cell emulator test,specs/electrochem/,verification/unit/electrochem/,NEEDS_DEFINITION,Analog electrochemical,source=MASTER_SPEC.md §9; issue=OI-004
ECH-0007,Electrochemical,"Support Na/K/pH/Cl ISE slope, offset and temperature calibration in digital processing.",SHOULD,Two/multi-point calibration,Algorithm+reference test,specs/electrochem/,verification/unit/electrochem/,RESEARCH_ONLY,Analog electrochemical,source=MASTER_SPEC.md §9; issue=OI-004
ECH-0008,Electrochemical,Retain raw electrode mV and calibration identity for independent concentration modeling.,SHOULD,Raw mV and metadata,Data integrity test,specs/electrochem/,verification/unit/electrochem/,RESEARCH_ONLY,Analog electrochemical,source=MASTER_SPEC.md §9; issue=OI-004
ECH-0009,Electrochemical,Measure signed electrochemical current over calibrated ranges.,SHOULD,TARGET ≈100 pA–100 µA,Current-source test,specs/electrochem/,verification/unit/electrochem/,NEEDS_DEFINITION,Analog electrochemical,source=MASTER_SPEC.md §9; issue=OI-004
ECH-0010,Electrochemical,"Provide programmable TIA ranges, auto-ranging, overload indication and recovery.",SHOULD,Gain/bandwidth TBD,Corner+step response,specs/electrochem/,verification/unit/electrochem/,NEEDS_DEFINITION,Analog electrochemical,source=MASTER_SPEC.md §9; issue=OI-004
ECH-0011,Electrochemical,Control working/reference/counter electrode potentials with a precision bias DAC.,SHOULD,Cell bias range TBD,Potentiostat emulator test,specs/electrochem/,verification/unit/electrochem/,NEEDS_DEFINITION,Analog electrochemical,source=MASTER_SPEC.md §9; issue=OI-005
ECH-0012,Electrochemical,Support open-circuit potential measurement without cell polarization from the circuit.,SHOULD,Perturbation limit TBD,Open-cell test,specs/electrochem/,verification/unit/electrochem/,NEEDS_DEFINITION,Analog electrochemical,source=MASTER_SPEC.md §9; issue=OI-004
ECH-0013,Electrochemical,Support bounded waveform primitives for chronoamperometry and voltammetric research.,SHOULD,Waveform amplitude/slew/duration TBD,Digital/analog loopback,specs/electrochem/,verification/unit/electrochem/,RESEARCH_ONLY,Analog electrochemical,source=MASTER_SPEC.md §9; issue=OI-005
ECH-0014,Electrochemical,Support electrochemical impedance spectroscopy if the electrode and energy budget justify it.,MAY,Frequency/accuracy TBD,Reference cell sweep,specs/electrochem/,verification/unit/electrochem/,RESEARCH_ONLY,Analog electrochemical,source=MASTER_SPEC.md §9; issue=OI-001
ECH-0015,Electrochemical,Characterize shared reference and multiplexing leakage/polarization and cross-talk.,SHOULD,Shared versus separate TBD,Electrode array emulator test,specs/electrochem/,verification/unit/electrochem/,NEEDS_DEFINITION,Analog electrochemical,source=MASTER_SPEC.md §9; issue=OI-004
ECH-0016,Electrochemical,Support per-electrode two-point and multi-point calibration records without hard-coded analog concentration conversion.,SHOULD,Calibration format TBD,Reference electrode datasets,specs/electrochem/,verification/unit/electrochem/,RESEARCH_ONLY,Analog electrochemical,source=MASTER_SPEC.md §9; issue=OI-004
ECH-0017,Electrochemical,"Quantify Nernst slope variation, interfering ions and temperature dependence for the chosen ISE chemistry.",SHOULD,Error budget TBD,Reference solution study,specs/electrochem/,verification/unit/electrochem/,RESEARCH_ONLY,Analog electrochemical,source=MASTER_SPEC.md §9; issue=OI-004
ECH-0018,Electrochemical,Apply independent hardware limits to cell excitation/current under faults or reset.,MUST,Bounds TBD by chemistry and safety review,Fault injection and safety review,specs/electrochem/,verification/unit/electrochem/,NEEDS_DEFINITION,Analog electrochemical,source=MASTER_SPEC.md §9; issue=OI-005
ECH-0019,Electrochemical,Provide temperature and reference-drift metadata for Na/K calibration.,SHOULD,Calibration precision TBD,Temperature sweep,specs/electrochem/,verification/unit/electrochem/,RESEARCH_ONLY,Analog electrochemical,source=MASTER_SPEC.md §9; issue=OI-004
ECH-0020,Electrochemical,Expose sweat conductivity/rate auxiliary inputs subject to actual transducer availability.,MAY,Transducer TBD,Sensor interface analysis,specs/electrochem/,verification/unit/electrochem/,RESEARCH_ONLY,Analog electrochemical,source=MASTER_SPEC.md §9; issue=OI-001
ECH-0021,Electrochemical,Avoid claims of glucose/hormone accuracy without chemistry and human reference validation.,MUST,Research only,Evidence review,specs/electrochem/,verification/unit/electrochem/,RESEARCH_ONLY,Analog electrochemical,source=MASTER_SPEC.md §9; issue=OI-005
OPT-0001,Optical,Support independent programmable optical source outputs if concurrency/pins allow.,SHOULD,TARGET 16 LED current outputs,Pin/area/current trade study,specs/optical/,verification/unit/optical/,NEEDS_DEFINITION,Optical analog,source=MASTER_SPEC.md §10; issue=OI-007
OPT-0002,Optical,Program calibrated per-source peak current within a hardware envelope.,SHOULD,TARGET 0–150 mA peak; source/package thermal limit TBD,Load test+calibration,specs/optical/,verification/unit/optical/,NEEDS_DEFINITION,Optical analog,source=MASTER_SPEC.md §10; issue=OI-003
OPT-0003,Optical,Control LED current with stated effective resolution and temperature dependence.,SHOULD,TARGET ≈10–12 effective bits,DAC characterization,specs/optical/,verification/unit/optical/,NEEDS_DEFINITION,Optical analog,source=MASTER_SPEC.md §10; issue=OI-007
OPT-0004,Optical,"Control source sequencing, phase and pulse width with synchronized receive timing.",SHOULD,TARGET µs-level timing or better,Trigger timing test,specs/optical/,verification/unit/optical/,NEEDS_DEFINITION,Optical analog,source=MASTER_SPEC.md §10; issue=OI-003
OPT-0005,Optical,Detect LED open/short and disable a faulted high-current path.,SHOULD,Threshold TBD,Fault injection,specs/optical/,verification/unit/optical/,NEEDS_DEFINITION,Optical analog,source=MASTER_SPEC.md §10; issue=OI-005
OPT-0006,Optical,Provide independent source enables and time-multiplexed wavelengths.,SHOULD,Source simultaneity TBD,Sequence test,specs/optical/,verification/unit/optical/,CANDIDATE,Optical analog,source=MASTER_SPEC.md §10; issue=OI-003
OPT-0007,Optical,Accept multiple PD current inputs with independently defined capacitance and dark current.,SHOULD,TARGET 12 PD inputs,Pin/noise study,specs/optical/,verification/unit/optical/,NEEDS_DEFINITION,Optical analog,source=MASTER_SPEC.md §10; issue=OI-007
OPT-0008,Optical,Acquire concurrently when optical spatial timing demands it.,SHOULD,TARGET ≥8 simultaneous PD channels,ADC concurrency proof,specs/optical/,verification/unit/optical/,NEEDS_DEFINITION,Optical analog,source=MASTER_SPEC.md §10; issue=OI-007
OPT-0009,Optical,Provide selectable effective optical input gain or integration span.,SHOULD,TARGET equivalent TIA ≈1 kΩ to >10 MΩ,Gain/noise/linearity test,specs/optical/,verification/unit/optical/,NEEDS_DEFINITION,Optical analog,source=MASTER_SPEC.md §10; issue=OI-004
OPT-0010,Optical,Reject or measure ambient and dark optical signal without corrupting the desired pulsatile signal.,SHOULD,Ambient range TBD,Sunlight/dark test,specs/optical/,verification/unit/optical/,NEEDS_DEFINITION,Optical analog,source=MASTER_SPEC.md §10; issue=OI-004
OPT-0011,Optical,Report optical saturation and restore valid acquisition after overload.,SHOULD,Recovery TBD,Overload test,specs/optical/,verification/unit/optical/,NEEDS_DEFINITION,Optical analog,source=MASTER_SPEC.md §10; issue=OI-004
OPT-0012,Optical,"Characterize photodiode capacitance, dark current, shot noise and TIA input noise at each intended wavelength.",SHOULD,Bounds TBD,Optical link budget+measurement,specs/optical/,verification/unit/optical/,NEEDS_DEFINITION,Optical analog,source=MASTER_SPEC.md §10; issue=OI-004
OPT-0013,Optical,Measure and subtract baseline ambient and dark samples with documented motion and light-change residual.,SHOULD,Residual limit TBD,Changing ambient test,specs/optical/,verification/unit/optical/,NEEDS_DEFINITION,Optical analog,source=MASTER_SPEC.md §10; issue=OI-004
OPT-0014,Optical,"Time-associate wavelength, source current, PD ID, gain and integration time with samples.",SHOULD,Metadata completeness,Protocol test,specs/optical/,verification/unit/optical/,CANDIDATE,Optical analog,source=MASTER_SPEC.md §10; issue=OI-003
OPT-0015,Optical,Support multiwavelength reflectance and red/NIR PPG research with raw calibrated samples.,SHOULD,Wavelength/accuracy TBD,Phantom/reference test,specs/optical/,verification/unit/optical/,RESEARCH_ONLY,Optical analog,source=MASTER_SPEC.md §10; issue=OI-001
OPT-0016,Optical,Support weak fluorescence/autofluorescence readout with dark subtraction and optical filtering.,MAY,Excitation/filter and sensitivity TBD,Optical bench study,specs/optical/,verification/unit/optical/,RESEARCH_ONLY,Optical analog,source=MASTER_SPEC.md §10; issue=OI-005
OPT-0017,Optical,Keep UV output disabled until independent hardware exposure limits and optical calibration are established.,MUST,Applicable exposure limit TBD,Independent safety test,specs/optical/,verification/unit/optical/,NEEDS_DEFINITION,Optical analog,source=MASTER_SPEC.md §10; issue=OI-005
OPT-0018,Optical,"Enforce a calibrated, cumulative UV exposure bound independently of host firmware when UV is implemented.",MUST,Dose model and limit TBD,Fault injection and optical power test,specs/optical/,verification/unit/optical/,NEEDS_DEFINITION,Optical analog,source=MASTER_SPEC.md §10; issue=OI-005
OPT-0019,Optical,Enforce source overcurrent and thermal interlocks independently of firmware.,MUST,Limits TBD,Fault injection,specs/optical/,verification/unit/optical/,NEEDS_DEFINITION,Optical analog,source=MASTER_SPEC.md §10; issue=OI-005
OPT-0020,Optical,"Optimize source current, gain, integration and duty cycle for SNR per energy within saturation bounds.",SHOULD,Mode and acceptance TBD,Optical link model,specs/optical/,verification/unit/optical/,NEEDS_DEFINITION,Optical analog,source=MASTER_SPEC.md §10; issue=OI-003
OPT-0021,Optical,Treat Raman spectroscopy as a separate feasibility effort rather than assuming LED and PD alone suffice.,MUST,No implicit Raman capability,Architecture review,specs/optical/,verification/unit/optical/,RESEARCH_ONLY,Optical analog,source=MASTER_SPEC.md §10; issue=OI-001
OPT-0022,Optical,"Do not equate multispectral sensor readings alone with validated hemoglobin, melanin or AGE biomarkers.",MUST,Validation study needed,Claims review,specs/optical/,verification/unit/optical/,RESEARCH_ONLY,Optical analog,source=MASTER_SPEC.md §10; issue=OI-005
THM-0001,Thermal,Provide slow precision thermal/auxiliary inputs subject to package and ADC availability.,SHOULD,TARGET 4–8 channels,Pin/ADC study,specs/thermal/,verification/unit/thermal/,NEEDS_DEFINITION,Analog thermal,source=MASTER_SPEC.md §11; issue=OI-007
THM-0002,Thermal,"Support duty-cycled, ratiometric NTC excitation with self-heating quantified.",SHOULD,NTC bias and accuracy TBD,Thermal model+test,specs/thermal/,verification/unit/thermal/,NEEDS_DEFINITION,Analog thermal,source=MASTER_SPEC.md §11; issue=OI-004
THM-0003,Thermal,Store NTC calibration coefficients for temperature calculation.,SHOULD,Coefficient precision TBD,Temperature sweep,specs/thermal/,verification/unit/thermal/,CANDIDATE,Analog thermal,source=MASTER_SPEC.md §11; issue=OI-004
THM-0004,Thermal,Provide a DC-capable thermopile/heat-flux interface for a kΩ source and ≈100 µV representative output.,SHOULD,Sensor model TBD,Sensor emulator test,specs/thermal/,verification/unit/thermal/,NEEDS_DEFINITION,Analog thermal,source=MASTER_SPEC.md §11; issue=OI-004
THM-0005,Thermal,Limit thermal-path input offset over specified source impedance and temperature.,SHOULD,TARGET <5 µV; aspirational 1–2 µV,Chopped/unchopped characterization,specs/thermal/,verification/unit/thermal/,NEEDS_DEFINITION,Analog thermal,source=MASTER_SPEC.md §11; issue=OI-004
THM-0006,Thermal,Limit thermal-path input offset drift over specified temperature and aging.,SHOULD,TARGET <0.05 µV/°C,Temperature sweep,specs/thermal/,verification/unit/thermal/,NEEDS_DEFINITION,Analog thermal,source=MASTER_SPEC.md §11; issue=OI-004
THM-0007,Thermal,Limit integrated low-frequency thermal input noise under a specified measurement procedure.,SHOULD,TARGET <0.5–1 µVpp at 0.1–10 Hz,Long-duration noise measurement,specs/thermal/,verification/unit/thermal/,NEEDS_DEFINITION,Analog thermal,source=MASTER_SPEC.md §11; issue=OI-004
THM-0008,Thermal,Provide programmable thermopile gain without loss of DC information.,SHOULD,TARGET ×1 to ×128 equivalent,Gain/settling test,specs/thermal/,verification/unit/thermal/,NEEDS_DEFINITION,Analog thermal,source=MASTER_SPEC.md §11; issue=OI-004
THM-0009,Thermal,Provide selectable heat-flux measurement bandwidth.,SHOULD,TARGET DC to ≈10 Hz,Transfer function test,specs/thermal/,verification/unit/thermal/,NEEDS_DEFINITION,Analog thermal,source=MASTER_SPEC.md §11; issue=OI-004
THM-0010,Thermal,"Quantify chopping ripple, drift and settling effects on thermal measurements.",SHOULD,Limits TBD,Transient/noise analysis,specs/thermal/,verification/unit/thermal/,NEEDS_DEFINITION,Analog thermal,source=MASTER_SPEC.md §11; issue=OI-004
AUD-0001,Audio,Provide a configurable combination of analog/PDM/contact audio inputs subject to pin and power limits.,SHOULD,TARGET up to 4 channels total,Mode/pin study,specs/audio/,verification/unit/audio/,NEEDS_DEFINITION,Audio mixed signal,source=MASTER_SPEC.md §12–13; issue=OI-001
AUD-0002,Audio,"Support analog mic bias, programmable gain and antialiasing with characterized noise.",SHOULD,Accuracy/bias TBD,Microphone bench test,specs/audio/,verification/unit/audio/,NEEDS_DEFINITION,Audio mixed signal,source=MASTER_SPEC.md §12–13; issue=OI-004
AUD-0003,Audio,Support digital PDM clocking and decimation where selected microphones require it.,SHOULD,Clock and sample format TBD,PDM pattern test,specs/audio/,verification/unit/audio/,CANDIDATE,Audio mixed signal,source=MASTER_SPEC.md §12–13; issue=OI-001
AUD-0004,Audio,Support a high-impedance or charge-amplifier contact/piezo input when selected.,SHOULD,Capacitance/voltage TBD,Transducer emulator test,specs/audio/,verification/unit/audio/,NEEDS_DEFINITION,Audio mixed signal,source=MASTER_SPEC.md §12–13; issue=OI-004
AUD-0005,Audio,Provide audio ADC sampling for proposed recording modes.,SHOULD,TARGET 48 kHz; 96 kHz optional; 24-bit class label,Audio performance test,specs/audio/,verification/unit/audio/,NEEDS_DEFINITION,Audio mixed signal,source=MASTER_SPEC.md §12–13; issue=OI-003
AUD-0006,Audio,Deliver a full-range electrical audio path if selected; actual actuator bandwidth is separately specified.,SHOULD,TARGET ≈20 Hz–20 kHz electrical,Load frequency test,specs/audio/,verification/unit/audio/,NEEDS_DEFINITION,Audio mixed signal,source=MASTER_SPEC.md §12–13; issue=OI-001
AUD-0007,Audio,"Evaluate Class-D electromagnetic versus high-voltage piezo actuation against transducer, safety and power limits.",SHOULD,Actuator TBD,Architecture trade study,specs/audio/,verification/unit/audio/,NEEDS_DEFINITION,Audio mixed signal,source=MASTER_SPEC.md §12–13; issue=OI-003
AUD-0008,Audio,"Implement click/pop control, mute, gain and overdrive limiting for selected audio output.",SHOULD,Limits TBD,Transient+fault test,specs/audio/,verification/unit/audio/,NEEDS_DEFINITION,Audio mixed signal,source=MASTER_SPEC.md §12–13; issue=OI-005
AUD-0009,Audio,Evaluate 48/96 kHz audio DAC and processing precision by noise/distortion rather than word length alone.,SHOULD,24-bit class label,DAC characterization,specs/audio/,verification/unit/audio/,NEEDS_DEFINITION,Audio mixed signal,source=MASTER_SPEC.md §12–13; issue=OI-004
AUD-0010,Audio,Supply audio filtering and limiting primitives only if selected product modes justify energy and area.,SHOULD,FIR/biquad/EQ/mix/limiter candidates,DSP trade study,specs/audio/,verification/unit/audio/,CANDIDATE,Audio mixed signal,source=MASTER_SPEC.md §12–13; issue=OI-001
AUD-0011,Audio,Bound audio duty cycle and peak power by usable battery energy and thermal limits.,MUST,Target runtime TBD,CH03 energy model+bench,specs/audio/,verification/unit/audio/,NEEDS_DEFINITION,Audio mixed signal,source=MASTER_SPEC.md §12–13; issue=OI-003
ADC-0001,ADC,"Evaluate 8 truly simultaneous low-frequency biopotential converters against channel noise, area and power needs.",SHOULD,TARGET 8 × 24-bit-class,Converter trade study,specs/adc_dac/,verification/unit/adc/,NEEDS_DEFINITION,Converter architecture,source=MASTER_SPEC.md §15; issue=OI-007
ADC-0002,ADC,Evaluate dedicated versus shared electrochemical precision conversion under leakage and concurrency requirements.,SHOULD,TARGET 4–8 × 20–24-bit-class,Mode/converter trade study,specs/adc_dac/,verification/unit/adc/,NEEDS_DEFINITION,Converter architecture,source=MASTER_SPEC.md §15; issue=OI-007
ADC-0003,ADC,Provide optical conversion capacity for approved spatially simultaneous modes.,SHOULD,TARGET ≥8 simultaneous; 18–20-bit-class,Concurrency+noise study,specs/adc_dac/,verification/unit/adc/,NEEDS_DEFINITION,Converter architecture,source=MASTER_SPEC.md §15; issue=OI-007
ADC-0004,ADC,Provide thermal/precision conversion resources matched to chosen sensors.,SHOULD,TARGET 4 × 20–24-bit-class,Noise/concurrency study,specs/adc_dac/,verification/unit/adc/,NEEDS_DEFINITION,Converter architecture,source=MASTER_SPEC.md §15; issue=OI-007
ADC-0005,ADC,Provide fast research ADCs only if concrete uses justify area/energy.,MAY,TARGET 2 × 14–16-bit at ≈1–5 MSPS,Use-case study,specs/adc_dac/,verification/unit/adc/,CANDIDATE,Converter architecture,source=MASTER_SPEC.md §15; issue=OI-001
ADC-0006,ADC,"Specify each selected ADC by full scale, common mode, bandwidth and sample rate.",SHOULD,Per bank TBD,Specification review,specs/adc_dac/,verification/unit/adc/,NEEDS_DEFINITION,Converter architecture,source=MASTER_SPEC.md §15; issue=OI-004
ADC-0007,ADC,"Verify each ADC noise, SNR, SNDR, THD, INL, DNL and ENOB at stated input and clock conditions.",SHOULD,Per bank TBD,Simulation+bench,specs/adc_dac/,verification/unit/adc/,NEEDS_DEFINITION,Converter architecture,source=MASTER_SPEC.md §15; issue=OI-004
ADC-0008,ADC,"Verify each ADC power, area, startup, calibration, reference/clock sensitivity and PVT yield.",SHOULD,Per bank TBD,Corner+Monte Carlo+bench,specs/adc_dac/,verification/unit/adc/,NEEDS_DEFINITION,Converter architecture,source=MASTER_SPEC.md §15; issue=OI-006
DAC-0001,DAC,Provide precision programmable voltage biases for selected excitation/calibration needs.,SHOULD,TARGET 8 × 16–18-bit-class candidate,Output/concurrency analysis,specs/adc_dac/,verification/unit/dac/,NEEDS_DEFINITION,Converter architecture,source=MASTER_SPEC.md §16; issue=OI-007
DAC-0002,DAC,Program independently selected optical source currents within calibrated bounds.,SHOULD,TARGET 16 current channels candidate,DAC load characterization,specs/adc_dac/,verification/unit/dac/,NEEDS_DEFINITION,Converter architecture,source=MASTER_SPEC.md §16; issue=OI-007
DAC-0003,DAC,Provide high-rate waveform channels only when impedance/stimulation uses justify their cost.,MAY,TARGET 2–4 × 12–16-bit-class,Trade study,specs/adc_dac/,verification/unit/dac/,CANDIDATE,Converter architecture,source=MASTER_SPEC.md §16; issue=OI-001
DAC-0004,DAC,"Verify monotonicity, INL/DNL, noise, settling, glitch, drive, range and drift under specified conditions.",SHOULD,Per DAC TBD,Converter characterization,specs/adc_dac/,verification/unit/dac/,NEEDS_DEFINITION,Converter architecture,source=MASTER_SPEC.md §16; issue=OI-004
TIM-0001,Timing,Map simultaneous sensor measurements into one monotonic time domain.,MUST,Continuity through sleep/wake,Model+timestamp test,specs/digital/,verification/unit/timing/,NEEDS_DEFINITION,Digital timing,"source=MASTER_SPEC.md §14,17,27; issue=OI-003"
TIM-0002,Timing,Provide a global hardware timestamp unit with documented resolution and clock source.,SHOULD,TARGET ≤1 µs,Counter simulation+bench,specs/digital/,verification/unit/timing/,NEEDS_DEFINITION,Digital timing,"source=MASTER_SPEC.md §14,17,27; issue=OI-003"
TIM-0003,Timing,"Define master clock tolerance, sleep drift and resynchronization to a host epoch.",SHOULD,Tolerance TBD,Drift model+test,specs/digital/,verification/unit/timing/,NEEDS_DEFINITION,Digital timing,"source=MASTER_SPEC.md §14,17,27; issue=OI-003"
TIM-0004,Timing,Prevent time-counter ambiguity or rollover over the longest approved logging session.,MUST,Candidate 64-bit representation,Rollover/formal test,specs/digital/,verification/unit/timing/,NEEDS_DEFINITION,Digital timing,"source=MASTER_SPEC.md §14,17,27; issue=OI-003"
TIM-0005,Timing,"Support programmable triggers linking optical pulses, ADCs, electrochem, audio, IMU, GPIO and DMA.",SHOULD,Matrix scope TBD,Trigger sequence test,specs/digital/,verification/unit/timing/,NEEDS_DEFINITION,Digital timing,"source=MASTER_SPEC.md §14,17,27; issue=OI-003"
TIM-0006,Timing,"Document each trigger-to-sample latency, jitter and clock crossing uncertainty.",SHOULD,Per interface TBD,Timing simulation+bench,specs/digital/,verification/unit/timing/,NEEDS_DEFINITION,Digital timing,"source=MASTER_SPEC.md §14,17,27; issue=OI-003"
TIM-0007,Timing,Timestamp IMU samples at a defined sync point with FIFO delay correction.,SHOULD,IMU pin behavior TBD,Sync test,specs/digital/,verification/unit/timing/,NEEDS_DEFINITION,Digital timing,"source=MASTER_SPEC.md §14,17,27; issue=OI-002"
TIM-0008,Timing,Preserve documented physical IMU axes in package and product coordinates.,SHOULD,Axis map TBD,Orientation review,specs/digital/,verification/unit/timing/,NEEDS_DEFINITION,Digital timing,"source=MASTER_SPEC.md §14,17,27; issue=OI-002"
TIM-0009,Timing,Verify reset-domain and clock-domain crossings and glitch-free clock changes.,MUST,Every crossing,CDC/RDC checks,specs/digital/,verification/unit/timing/,PROCESS_ACTIVE,Digital timing,"source=MASTER_SPEC.md §14,17,27; issue=OI-006"
AON-0001,Always-on,"Provide wake scheduling, on-body/contact monitoring and event-based host wake.",SHOULD,Wake latency TBD,FSM test,specs/digital/,verification/unit/aon/,NEEDS_DEFINITION,Digital low power,"source=MASTER_SPEC.md §18,25,28; issue=OI-003"
AON-0002,Always-on,"Supervise battery, low-rate temperature, watchdog, sensor duty-cycle and power-sequencing faults while host sleeps.",SHOULD,Coverage TBD,Fault injection,specs/digital/,verification/unit/aon/,NEEDS_DEFINITION,Digital low power,"source=MASTER_SPEC.md §18,25,28; issue=OI-003"
AON-0003,Always-on,Minimize always-on energy at specified enabled sensor states.,SHOULD,TARGET single-digit to tens of µW; mode TBD,Energy model+measurement,specs/digital/,verification/unit/aon/,NEEDS_DEFINITION,Digital low power,"source=MASTER_SPEC.md §18,25,28; issue=OI-003"
AON-0004,Always-on,Keep high-energy sources and body drives disabled on reset and invalid power states.,MUST,Default OFF,Formal assertion+fault test,specs/digital/,verification/unit/aon/,NEEDS_DEFINITION,Digital low power,"source=MASTER_SPEC.md §18,25,28; issue=OI-005"
AON-0005,Always-on,"Define for each power domain rails, reset, retention, isolation, wake source and entry/exit latency.",SHOULD,Every implemented domain,UPF/spec review,specs/digital/,verification/unit/aon/,NEEDS_DEFINITION,Digital low power,"source=MASTER_SPEC.md §18,25,28; issue=OI-006"
AON-0006,Always-on,"Implement POR, brownout, watchdog and host/PMIC fault reset behavior with deterministic startup.",SHOULD,Reset paths TBD,Reset injection,specs/digital/,verification/unit/aon/,NEEDS_DEFINITION,Digital low power,"source=MASTER_SPEC.md §18,25,28; issue=OI-005"
DSP-0001,DSP,Evaluate CIC/FIR/IIR and decimation accelerators only against measured processor energy and area.,SHOULD,Candidate kernels,Bit-true model+trade study,specs/digital/,verification/unit/dsp/,CANDIDATE,Digital signal processing,source=MASTER_SPEC.md §19–20; issue=OI-003
DSP-0002,DSP,"Evaluate RMS, peak, correlation, FFT, lock-in and I/Q primitives for selected modes.",MAY,Kernels TBD,Reference vector test,specs/digital/,verification/unit/dsp/,CANDIDATE,Digital signal processing,source=MASTER_SPEC.md §19–20; issue=OI-001
DSP-0003,DSP,Validate fixed-point output against stated numeric error budgets for each implemented primitive.,MUST,Error limits TBD,Golden vector+corner test,specs/digital/,verification/unit/dsp/,NEEDS_DEFINITION,Digital signal processing,source=MASTER_SPEC.md §19–20; issue=OI-004
DSP-0004,DSP,"Attach signal quality/state metadata such as saturation, gains, contact and calibration IDs to applicable streams.",SHOULD,Per-stream fields TBD,Frame decode test,specs/digital/,verification/unit/dsp/,NEEDS_DEFINITION,Digital signal processing,source=MASTER_SPEC.md §19–20; issue=OI-001
MEM-0001,Memory,"Size local SRAM from concurrent FIFO bursts, DSP workspace and allowed host sleep time.",SHOULD,TARGET 512 KB–2 MB provisional,CH04 queue model,specs/memory/,verification/unit/memory/,NEEDS_DEFINITION,Digital/memory,source=MASTER_SPEC.md §21–22; issue=OI-003
MEM-0002,Memory,Report FIFO overflow or dropped frames with a monotonic timestamp and quality status.,MUST,Loss reporting TBD,Stress test,specs/memory/,verification/unit/memory/,NEEDS_DEFINITION,Digital/memory,source=MASTER_SPEC.md §21–22; issue=OI-003
MEM-0003,Memory,"Evaluate SRAM banks, retention, parity/ECC and BIST against fault and leakage budgets.",SHOULD,Policy TBD,Fault injection+memory test,specs/memory/,verification/unit/memory/,NEEDS_DEFINITION,Digital/memory,source=MASTER_SPEC.md §21–22; issue=OI-006
MEM-0004,Memory,"Evaluate nRF internal NVM, optional NOR, NAND and combinations by logging load and power.",SHOULD,NOR candidate 256 Mb–1 Gb; NAND candidate 4–16 Gb,CH04 hierarchy trade study,specs/memory/,verification/unit/memory/,NEEDS_DEFINITION,Digital/memory,source=MASTER_SPEC.md §21–22; issue=OI-002
MEM-0005,Memory,"Specify NAND throughput, endurance, retention and write energy under approved modes.",SHOULD,Bounds TBD,Traffic/endurance model,specs/memory/,verification/unit/memory/,NEEDS_DEFINITION,Digital/memory,source=MASTER_SPEC.md §21–22; issue=OI-003
MEM-0006,Memory,"Provide error correction, bad-block handling, integrity and recovery if raw NAND is selected.",MUST,ECC strength TBD,Fault-injection test,specs/memory/,verification/unit/memory/,NEEDS_DEFINITION,Digital/memory,source=MASTER_SPEC.md §21–22; issue=OI-006
MEM-0007,Memory,Protect sensitive stored measurements through secure authenticated/encrypted policy as required by product threat model.,SHOULD,Policy TBD,Security tests,specs/memory/,verification/unit/memory/,NEEDS_DEFINITION,Digital/memory,source=MASTER_SPEC.md §21–22; issue=OI-005
HIF-0001,Host interface,Support a high-throughput nRF-to-ASIC data and control interface sized to worst approved sensor burst.,SHOULD,TARGET ≥20% over worst practical burst,CH04 bandwidth analysis+test,specs/digital/,verification/unit/host_if/,NEEDS_DEFINITION,Digital interfaces,source=MASTER_SPEC.md §23; issue=OI-003
HIF-0002,Host interface,"Support DMA-friendly framing, CRC, flow control and explicit overflow/error status.",SHOULD,Frame format TBD,Traffic/error injection,specs/digital/,verification/unit/host_if/,NEEDS_DEFINITION,Digital interfaces,source=MASTER_SPEC.md §23; issue=OI-003
HIF-0003,Host interface,"Provide wake, interrupt, reset, boot and fault handshake semantics.",SHOULD,Timing TBD,Integration test,specs/digital/,verification/unit/host_if/,NEEDS_DEFINITION,Digital interfaces,source=MASTER_SPEC.md §23; issue=OI-002
HIF-0004,Host interface,Control production debug access separately from authenticated operational paths.,SHOULD,Access policy TBD,Security review,specs/digital/,verification/unit/host_if/,NEEDS_DEFINITION,Digital interfaces,source=MASTER_SPEC.md §23; issue=OI-005
PMU-0001,Power/PMIC,Derive rail and battery design around measured usable energy for a very small wearable cell.,SHOULD,CONTEXT ≈8–14 mAh usable; chemistry/window TBD,CH03 battery model,specs/pmic/,verification/unit/pmic/,NEEDS_DEFINITION,Power systems,source=MASTER_SPEC.md §24–26; issue=OI-003
PMU-0002,Power/PMIC,"Provide programmable precharge, CC, CV, termination, recharge, storage and ship behavior for selected cell.",SHOULD,TARGET ≈0.1–20 mA programmable; bounds TBD,Battery emulator test,specs/pmic/,verification/unit/pmic/,NEEDS_DEFINITION,Power systems,source=MASTER_SPEC.md §24–26; issue=OI-003
PMU-0003,Power/PMIC,"Enforce independent battery overvoltage, undervoltage, short, overcurrent and thermal protection.",MUST,Threshold/response TBD,Fault injection+independent review,specs/pmic/,verification/unit/pmic/,NEEDS_DEFINITION,Power systems,source=MASTER_SPEC.md §24–26; issue=OI-005
PMU-0004,Power/PMIC,"Report voltage, current, temperature and coulomb count for runtime/SOC/SOH estimates.",SHOULD,Accuracy TBD,Calibration and cycling test,specs/pmic/,verification/unit/pmic/,NEEDS_DEFINITION,Power systems,source=MASTER_SPEC.md §24–26; issue=OI-003
PMU-0005,Power/PMIC,Select buck/buck-boost/LDO/load switch counts using efficiency at actual mode currents.,SHOULD,Candidate 2–3 buck; 4–6 LDO; other rails TBD,Rail tree trade study,specs/pmic/,verification/unit/pmic/,NEEDS_DEFINITION,Power systems,source=MASTER_SPEC.md §24–26; issue=OI-003
PMU-0006,Power/PMIC,Size optical/actuator boost separately or together based on noise and concurrent mode validity.,SHOULD,Topology TBD,Coupling+transient test,specs/pmic/,verification/unit/pmic/,NEEDS_DEFINITION,Power systems,source=MASTER_SPEC.md §24–26; issue=OI-003
PMU-0007,Power/PMIC,Allow external or co-packaged µH inductors where on-die passive performance is insufficient.,SHOULD,Placement/height TBD,Package feasibility study,specs/pmic/,verification/unit/pmic/,CANDIDATE,Power systems,source=MASTER_SPEC.md §24–26; issue=OI-007
PMU-0008,Power/PMIC,Quantify sensitive analog rail noise and switching spur rejection in all supported modes.,SHOULD,Ripple limit TBD,Noise injection simulation/bench,specs/pmic/,verification/unit/pmic/,NEEDS_DEFINITION,Power systems,source=MASTER_SPEC.md §24–26; issue=OI-004
PMU-0009,Power/PMIC,"Record active, idle, retention, leakage, startup energy and peak current for every power domain.",MUST,All implemented domains,CH03 energy model,specs/pmic/,verification/unit/pmic/,NEEDS_DEFINITION,Power systems,source=MASTER_SPEC.md §24–26; issue=OI-003
PMU-0010,Power/PMIC,"Validate usable battery runtime with rail conversion losses, end-of-life and cold/peak sag.",MUST,Battery scenarios 8/10/14/20 mAh for study,CH03 model+cell measurement,specs/pmic/,verification/unit/pmic/,NEEDS_DEFINITION,Power systems,source=MASTER_SPEC.md §24–26; issue=OI-003
PMU-0011,Power/PMIC,"Provide power state ordering, isolation and retention behavior across every domain transition.",SHOULD,Entry/exit latencies TBD,FSM/UPF simulation,specs/pmic/,verification/unit/pmic/,NEEDS_DEFINITION,Power systems,source=MASTER_SPEC.md §24–26; issue=OI-005
PMU-0012,Power/PMIC,Maintain transient PMIC headroom for future loads without materially reducing low-load efficiency.,SHOULD,Headroom and efficiency TBD,Load/efficiency sweep,specs/pmic/,verification/unit/pmic/,NEEDS_DEFINITION,Power systems,source=MASTER_SPEC.md §24–26; issue=OI-003
PMU-0013,Power/PMIC,Implement reverse-current blocking and battery-presence/fault behavior for the chosen charger topology.,SHOULD,Limits TBD,Fault injection,specs/pmic/,verification/unit/pmic/,NEEDS_DEFINITION,Power systems,source=MASTER_SPEC.md §24–26; issue=OI-005
PMU-0014,Power/PMIC,Ensure shutdown and storage states meet usable battery shelf-life targets.,SHOULD,Current limit TBD,Leakage measurement+runtime model,specs/pmic/,verification/unit/pmic/,NEEDS_DEFINITION,Power systems,source=MASTER_SPEC.md §24–26; issue=OI-003
SAFE-0001,Safety/ESD,"Keep electrode/drive, UV, high-current optical and audio/piezo outputs disabled on all resets until validated enable conditions.",MUST,Default OFF,Fault injection,specs/system/,verification/safety/,NEEDS_DEFINITION,Safety engineering,"source=MASTER_SPEC.md §28–30,58; issue=OI-005"
SAFE-0002,Safety/ESD,Implement hardware exposure/current/temperature limits independent of host firmware for selected hazardous outputs.,MUST,Limits and response TBD,Safety analysis+fault test,specs/system/,verification/safety/,NEEDS_DEFINITION,Safety engineering,"source=MASTER_SPEC.md §28–30,58; issue=OI-005"
SAFE-0003,Safety/ESD,Define body-connected ESD/EMC strategy jointly with leakage and electrode input error budgets.,MUST,Pad leakage TBD,Pad+IEC-level strategy review,specs/system/,verification/safety/,NEEDS_DEFINITION,Safety engineering,"source=MASTER_SPEC.md §28–30,58; issue=OI-004"
SAFE-0004,Safety/ESD,Characterize latch-up and ESD behavior of separate quiet electrode and high-current pad classes.,MUST,PDK and package TBD,Foundry characterization+test,specs/system/,verification/safety/,NEEDS_DEFINITION,Safety engineering,"source=MASTER_SPEC.md §28–30,58; issue=OI-006"
SAFE-0005,Safety/ESD,Separate patient/user safety engineering from functional test coverage and obtain qualified review.,MUST,Standards/jurisdiction TBD,Independent review,specs/system/,verification/safety/,NEEDS_DEFINITION,Safety engineering,"source=MASTER_SPEC.md §28–30,58; issue=OI-005"
SAFE-0006,Safety/ESD,Define optical exposure using calibrated optical radiant output and accepted safety criteria rather than current-only proxy.,MUST,Spectral exposure TBD,Optical measurement+independent review,specs/system/,verification/safety/,NEEDS_DEFINITION,Safety engineering,"source=MASTER_SPEC.md §28–30,58; issue=OI-005"
CAL-0001,Calibration,Provide low-noise reference and bias generation with test access for relevant analog paths.,SHOULD,Reference stability TBD,Reference characterization,specs/system/,verification/unit/calibration/,NEEDS_DEFINITION,Analog system,source=MASTER_SPEC.md §31; issue=OI-006
CAL-0002,Calibration,"Provide calibration/loopback access for ADC, DAC, TIA and electrode/optical path errors.",SHOULD,Per-path coverage TBD,Loopback characterization,specs/system/,verification/unit/calibration/,NEEDS_DEFINITION,Analog system,source=MASTER_SPEC.md §31; issue=OI-004
CAL-0003,Calibration,"Store gain, offset, current, temperature and oscillator trims with identified device provenance.",SHOULD,OTP/eFuse choice TBD,Factory flow test,specs/system/,verification/unit/calibration/,NEEDS_DEFINITION,Analog system,source=MASTER_SPEC.md §31; issue=OI-006
CAL-0004,Calibration,"Ensure trim and calibration provenance survives reset, provisioning and field logging.",SHOULD,Integrity requirement TBD,Power-cycle/metadata test,specs/system/,verification/unit/calibration/,NEEDS_DEFINITION,Analog system,source=MASTER_SPEC.md §31; issue=OI-005
SEC-0001,Security,Assign a unique device identity with controlled provisioning.,MUST,Format/uniqueness TBD,Provisioning audit,specs/system/,verification/security/,NEEDS_DEFINITION,Security,source=MASTER_SPEC.md §32; issue=OI-005
SEC-0002,Security,"Coordinate secure boot, authenticated firmware and rollback policy across nRF and ASIC.",MUST,Threat model TBD,Adversarial boot test,specs/system/,verification/security/,NEEDS_DEFINITION,Security,source=MASTER_SPEC.md §32; issue=OI-002
SEC-0003,Security,Restrict production debug and test-mode access through authenticated policy.,MUST,Access matrix TBD,Negative access test,specs/system/,verification/security/,NEEDS_DEFINITION,Security,source=MASTER_SPEC.md §32; issue=OI-005
SEC-0004,Security,Prevent unauthenticated commands from enabling body drive or other safety-critical excitation.,MUST,No unauthenticated enable,Adversarial command test,specs/system/,verification/security/,NEEDS_DEFINITION,Security,source=MASTER_SPEC.md §32; issue=OI-005
SEC-0005,Security,Encrypt and authenticate sensitive logs/storage based on product privacy and threat requirements.,SHOULD,Key policy TBD,Threat model+test,specs/system/,verification/security/,NEEDS_DEFINITION,Security,source=MASTER_SPEC.md §32; issue=OI-005
DFT-0001,Testability,"Define production test and calibration for every accepted analog block with threshold, time and yield impact.",MUST,Every implemented analog block,DFT review,specs/dft/,verification/unit/dft/,NEEDS_DEFINITION,DFT/production,source=MASTER_SPEC.md §33; issue=OI-006
DFT-0002,Testability,Provide digital scan/ATPG and SRAM BIST consistent with security and power domains.,SHOULD,Coverage targets TBD,Fault coverage analysis,specs/dft/,verification/unit/dft/,NEEDS_DEFINITION,DFT/production,source=MASTER_SPEC.md §33; issue=OI-006
DFT-0003,Testability,"Provide analog stimulus, observability, loopback, references and converter self-test within pad constraints.",SHOULD,Coverage targets TBD,Production test plan,specs/dft/,verification/unit/dft/,NEEDS_DEFINITION,DFT/production,source=MASTER_SPEC.md §33; issue=OI-007
DFT-0004,Testability,Control post-manufacturing test access so production features cannot bypass safety and security.,MUST,Access policy TBD,Security/DFT cross-review,specs/dft/,verification/unit/dft/,NEEDS_DEFINITION,DFT/production,source=MASTER_SPEC.md §33; issue=OI-005
PKG-0001,Package,Evaluate fan-out/RDL/laminate/die-stacking partitions against actual die availability and assembly design rules.,SHOULD,TARGET 6–8 mm by 6–8 mm; ≤1.2 mm aspirational,Vendor package feasibility,specs/system/,verification/package/,NEEDS_DEFINITION,Package/physical,source=MASTER_SPEC.md §34–35; issue=OI-007
PKG-0002,Package,"Analyze ground return, substrate coupling, RF isolation and high-current loops adjacent to microvolt sensing.",MUST,Coupling limits TBD,EMC/substrate analysis+test,specs/system/,verification/package/,NEEDS_DEFINITION,Package/physical,source=MASTER_SPEC.md §34–35; issue=OI-004
PKG-0003,Package,"Plan guard, well isolation, quiet references and analog placement using selected PDK isolation structures.",SHOULD,PDK TBD,Floorplan/extraction review,specs/system/,verification/package/,NEEDS_DEFINITION,Package/physical,source=MASTER_SPEC.md §34–35; issue=OI-006
PKG-0004,Package,Retain external transducers and physically unsuitable inductors/optics rather than assuming CMOS integration.,SHOULD,BOM TBD,Physics/package trade study,specs/system/,verification/package/,CANDIDATE,Package/physical,source=MASTER_SPEC.md §34–35; issue=OI-007
PKG-0005,Package,"Verify package parasitic, thermal, warpage, yield and test-access implications before package freeze.",MUST,Limits TBD,Vendor co-design review,specs/system/,verification/package/,NEEDS_DEFINITION,Package/physical,source=MASTER_SPEC.md §34–35; issue=OI-007
VAL-0001,Validation,"Build first-principles, versioned energy, noise, data, timing, area/package and thermal budgets before architecture freeze.",MUST,Each approved mode,Model review and uncertainty sweep,docs/reviews/,reports/signoff/,PROCESS_ACTIVE,Systems engineering,"source=MASTER_SPEC.md §43–50,57–58; issue=OI-003"
VAL-0002,Validation,"State operating conditions, provenance, uncertainty and whether evidence is measured, simulated, calculated or assumed for each quantitative target.",MUST,Every quantitative evidence item,Evidence audit,docs/reviews/,reports/signoff/,PROCESS_ACTIVE,Systems engineering,"source=MASTER_SPEC.md §43–50,57–58; issue=none"
VAL-0003,Validation,"Provide appropriate physical references, nuisance variables and statistics before upgrading a research biomarker claim.",MUST,Protocol TBD,Independent validation plan,docs/reviews/,reports/signoff/,RESEARCH_ONLY,Systems engineering,"source=MASTER_SPEC.md §43–50,57–58; issue=OI-005"
VAL-0004,Validation,"Map every frozen ID to analysis, design, test evidence and review status before signoff.",MUST,Every frozen ID,Traceability audit,docs/reviews/,reports/signoff/,PROCESS_ACTIVE,Systems engineering,"source=MASTER_SPEC.md §43–50,57–58; issue=none"
VAL-0005,Validation,"Release mask data only after clean signoff or formally approved waivers, provenance, hashes and qualified review.",MUST,Release candidate,Tapeout checklist,docs/reviews/,reports/signoff/,PROCESS_ACTIVE,Systems engineering,"source=MASTER_SPEC.md §43–50,57–58; issue=OI-006"
